SET DATEFORMAT ymd

INSERT INTO ta_countries (name) VALUES
('Abchasien, Autonome Republik - Georgien'),
('Adscharien, Autonome Republik - Georgien'),
('Adygeja, Republik - Russische Föderation'),
('Afghanistan'),
('Ägypten'),
('Albanien'),
('Algerien'),
('Altaj, Republik - Russische Föderation'),
('Andamanen - Indien'),
('Andorra'),
('Anegada - Jungferninseln, Britische'),
('Angola'),
('Anguilla - Jungferninseln, Britische'),
('Antigua und Barbuda'),
('Äquatorialguinea'),
('Argentinien'),
('Armenien'),
('Aruba (NL) - Niederländische Gebiete in den Antillen'),
('Aserbaidschan'),
('Äthiopien'),
('Australien'),
('Azoren - Portugal'),
('Bahamas'),
('Bahrain'),
('Bali - Indonesien'),
('Bangladesch'),
('Barbados'),
('Barbuda - Antigua und Barbuda'),
('Baschkirien, Republik - Russische Föderation'),
('Belarus - Weissrussland (Belarus)'),
('Belgien'),
('Belize'),
('Benin'),
('Bermuda (UK)'),
('Bhutan'),
('Birma - Myanmar'),
('Bolivien, Plurinationaler Staat'),
('Bonaire - Niederländische Gebiete in den Antillen'),
('Bophuthatswana - Südafrika'),
('Borneo - Brunei Darussalam'),
('Borneo - Indonesien'),
('Borneo - Malaysia'),
('Bosnien und Herzegowina'),
('Botsuana'),
('Brasilien'),
('Britisch Honduras - Belize'),
('British Virgin Is. - Jungferninseln, Britische'),
('Brunei Darussalam'),
('Bulgarien'),
('Burjatien, Republik - Russische Föderation'),
('Burkina Faso'),
('Burma - Myanmar'),
('Burundi'),
('Caicos Is. (UK) - Turks- und Caicos-Inseln (UK)'),
('Cambodia - Kambodscha'),
('Cameroon - Kamerun'),
('Cape Verde - Kap Verde'),
('Caroline Is. - Mikronesien, Föderierte Staaten von'),
('Celebes (Sulawesi) - Indonesien'),
('Ceylon - Sri Lanka'),
('Chakassien, Republik - Russische Föderation'),
('Chile'),
('China'),
('Christmas Island (Weihnachtsinsel) (AU)'),
('Ciskei - Südafrika'),
('Cocos (Keeling) Inseln (AU)'),
('Comores - Komoren'),
('Congo - Kongo, Republik (Brazzaville)'),
('Cook Inseln (NZ)'),
('Coral See Is. Territory - Australien'),
('Costa Rica'),
('Côte d''Ivoire - Elfenbeinküste'),
('Curaçao - Niederländische Gebiete in den Antillen'),
('Cyprus - Zypern'),
('Dagestan, Republik - Russische Föderation'),
('Dahomey - Benin'),
('Dänemark'),
('Deutschland'),
('Dnjestr-Republik - Moldau, Republik'),
('Dominica'),
('Dominikanische Republik'),
('Dschibuti'),
('Ecuador'),
('Elfenbeinküste'),
('El Salvador'),
('England - Vereinigtes Königreich'),
('Eritrea'),
('Estland'),
('Estonia - Estland'),
('Falkland Inseln (Malvinas) (UK)'),
('Färöer (DK)'),
('Fidschi'),
('Finnland'),
('Flores - Indonesien'),
('Frankreich'),
('Französisch-Guyana'),
('Französisch-Polynesien'),
('Futuna (FR) - Wallis und Futuna (FR)'),
('Gabun'),
('Gagausien - Moldau, Republik'),
('Galapagos Is. - Ecuador'),
('Gambia'),
('Georgien'),
('Ghana'),
('Gibraltar (UK)'),
('Gilbert Is. - Kiribati'),
('Grenada'),
('Grenadinen - St. Vincent und die Grenadinen'),
('Griechenland'),
('Grönland'),
('Grossbritannien - Vereinigtes Königreich'),
('Guadalcanal - Salomon Inseln'),
('Guadeloupe, St. Barthelemy und St. Martin (FR)'),
('Guam (US)'),
('Guatemala'),
('Guinea'),
('Guinea-Bissau'),
('Guyana'),
('Haiti'),
('Hawaii Inseln, inkl. Midway (US)'),
('Hispaniola - Dominikanische Republik'),
('Holland - Niederlande'),
('Honduras'),
('Hongkong (CN)'),
('Indien'),
('Indonesien'),
('Inguschetien, Republik - Russische Föderation'),
('Irak'),
('Iran, Islamische Republik'),
('Irland'),
('Island'),
('Israel'),
('Italien'),
('Ivory Coast - Elfenbeinküste'),
('Jakutien, Republik - Russische Föderation'),
('Jamaika'),
('Japan'),
('Java - Indonesien'),
('Jemen'),
('Jordanien'),
('Juan Fernandez Is. - Chile'),
('Jungferninseln, Amerikanische'),
('Jungferninseln, Britische'),
('Kabardino-Balkarien, Republik - Russische Föderation'),
('Kaimaninseln (UK)'),
('Kalimantan - Indonesien'),
('Kalmykien, Republik - Russische Föderation'),
('Kambodscha'),
('Kamerun'),
('Kanada'),
('Kanarische Inseln - Spanien'),
('Kap Verde'),
('Karatschajewo-Tscherkessien, Republik - Russische Föderation'),
('Karelien, Republik - Russische Föderation'),
('Kasachstan'),
('Kaschmir - Indien'),
('Katar'),
('Katar - Katar'),
('Keeling Islands (AU) - Cocos (Keeling) Inseln (AU)'),
('Kenia'),
('Kirgisistan'),
('Kiribati'),
('Kolumbien'),
('Komi, Republik - Russische Föderation'),
('Komoren'),
('Kongo, Demokratische Republik (Kinshasa)'),
('Kongo, Republik (Brazzaville)'),
('Korea, Demokratische Volksrepublik (Nord)'),
('Korea, Republik (Süd)'),
('Kosovo'),
('Kroatien'),
('Kuba'),
('Kuwait'),
('Kwajalein - Marshall Inseln'),
('Labrador - Kanada'),
('Laos, Demokratische Volksrepublik'),
('Latvia - Lettland'),
('Lesotho'),
('Lettland'),
('Libanon'),
('Liberia'),
('Libyen'),
('Liechtenstein'),
('Litauen'),
('Lithuania - Litauen'),
('Lombok - Indonesien'),
('Luxemburg'),
('Macau (CN)'),
('Madagaskar'),
('Malawi'),
('Malaysia'),
('Malediven'),
('Mali'),
('Malta'),
('Malwinen (UK) - Falkland Inseln (Malvinas) (UK)'),
('Mariana Is. (US) - Marianen, nördliche (US)'),
('Marianen, nördliche (US)'),
('Marij El, Republik - Russische Föderation'),
('Marokko'),
('Marshall Inseln'),
('Martinique (FR)'),
('Mauretanien'),
('Mauritius'),
('Mayotte (FR)'),
('Mazedonien'),
('Mexiko'),
('Midway Is - Hawaii Inseln, inkl. Midway (US)'),
('Mikronesien, Föderierte Staaten von'),
('Miquelon (FR) - Saint-Pierre et Miquelon (FR)'),
('Moldau, Republik'),
('Moldawien - Moldau, Republik'),
('Molukken - Indonesien'),
('Monaco'),
('Mongolei'),
('Montenegro'),
('Montserrat (UK)'),
('Mordwinien, Republik - Russische Föderation'),
('Mosambik'),
('Myanmar'),
('Nachitschewan, Autonome Republik - Aserbaidschan'),
('Nagorny Karabach - Aserbaidschan'),
('Namibia'),
('Nauru'),
('Nepal'),
('Neue Hebriden - Vanuatu'),
('Neufundland - Kanada'),
('Neukaledonien (FR)'),
('Neuseeland'),
('Nevis - St. Kitts und Nevis'),
('New Guinea, West - Indonesien'),
('New Guinea - Papua-Neuguinea'),
('Nicaragua'),
('Niederlande'),
('Niederländische Gebiete in den Antillen'),
('Niger'),
('Nigeria'),
('Niue (NZ)'),
('Nord Korea - Korea, Demokratische Volksrepublik (Nord)'),
('Nordossetien, Republik - Russische Föderation'),
('Norfolk Is. - Australien'),
('Northern Mariana Is. (US) - Marianen, nördliche (US)'),
('Norwegen'),
('Ober Volta - Burkina Faso'),
('Oman'),
('Oster Is. - Chile'),
('Österreich'),
('Pacific Is. Trust Territory (US) - Marianen, nördliche (US)'),
('Pakistan'),
('Palästinensische Autonomiegebiete'),
('Palau'),
('Panama'),
('Papua-Neuguinea'),
('Paraguay'),
('Peru'),
('Pescadores Is. - Taiwan'),
('Philippinen'),
('Pitcairn (UK)'),
('Polen'),
('Portugal'),
('Principe - São Tomé und Príncipe'),
('Puerto Rico'),
('Réunion (FR)'),
('Rhodesien - Simbabwe'),
('Ruanda'),
('Rumänien'),
('Russische Föderation'),
('Sabah - Malaysia'),
('Saba - Niederländische Gebiete in den Antillen'),
('Sacha (Jakutien), Republik - Russische Föderation'),
('Saint-Pierre et Miquelon (FR)'),
('Saipan - Marianen, nördliche (US)'),
('Salomon Inseln'),
('Sambia'),
('Samoa (West-, US-)'),
('San Marino'),
('São Tomé und Príncipe'),
('Sarawak - Malaysia'),
('Saudi-Arabien'),
('Savage Is. - Niue (NZ)'),
('Schweden'),
('Schweiz'),
('Senegal'),
('Serbien'),
('Seychellen'),
('Sierra Leone'),
('Sikkim - Indien'),
('Simbabwe'),
('Singapur'),
('Slowakei'),
('Slowenien'),
('Society Is. - Französisch-Polynesien'),
('Solomon Is. - Salomon Inseln'),
('Somalia'),
('Spanien'),
('Spitzbergen - Norwegen'),
('Sri Lanka'),
('St. Barthelemy (FR) - Guadeloupe, St. Barthelemy und St. Martin (FR)'),
('St. Croix - Jungferninseln, Amerikanische'),
('St. Eustatius - Niederländische Gebiete in den Antillen'),
('St. Helena (UK)'),
('St. John - Jungferninseln, Amerikanische'),
('St. Kitts und Nevis'),
('St. Lucia'),
('St. Maarten - Niederländische Gebiete in den Antillen'),
('St. Martin (FR) - Guadeloupe, St. Barthelemy und St. Martin (FR)'),
('St. Thomas - Jungferninseln, Amerikanische'),
('St. Vincent und die Grenadinen'),
('Südafrika'),
('Sudan'),
('Süd Korea - Korea, Republik (Süd)'),
('Südossetien - Georgien'),
('Südsudan'),
('Sulawesi (Celebes) - Indonesien'),
('Sumatra - Indonesien'),
('Sumbawa - Indonesien'),
('Sunda Inseln - Indonesien'),
('Surinam'),
('Swasiland'),
('Syrien, Arabische Republik'),
('Tadschikistan'),
('Tahiti - Französisch-Polynesien'),
('Taiwan'),
('Tansania, Vereinigte Republik'),
('Tasmanien - Australien'),
('Tatarstan, Republik - Russische Föderation'),
('Thailand'),
('Tibet - China'),
('Timor - Indonesien'),
('Timor-Leste (Osttimor)'),
('Tobago - Trinidad und Tobago'),
('Togo'),
('Tokelau (NZ)'),
('Tonga'),
('Tortola - Jungferninseln, Britische'),
('Transdniestrie (Dniestr, Republik) - Moldau, Republik'),
('Transkei - Südafrika'),
('Transnistrien (Dnjestr-Republik) - Moldau, Republik'),
('Trinidad und Tobago'),
('Tschad'),
('Tschechische Republik'),
('Tschetschenien, Republik - Russische Föderation'),
('Tschuwaschien, Republik - Russische Föderation'),
('Tunesien'),
('Türkei'),
('Turkmenistan'),
('Turks- und Caicos-Inseln (UK)'),
('Tutuila - Samoa (West-, US-)'),
('Tuvalu'),
('Tuwa, Republik - Russische Föderation'),
('U.S. Pacific Islands - Hawaii Inseln, inkl. Midway (US)'),
('U.S. Samoa - Samoa (West-, US-)'),
('U.S. Virgin Is. - Jungferninseln, Amerikanische'),
('Udmurtien, Republik - Russische Föderation'),
('Uganda'),
('Ukraine'),
('Ungarn'),
('United Arab Emirates - Vereinigte Arabische Emirate'),
('Uruguay'),
('Usbekistan'),
('Vanuatu'),
('Venda - Südafrika'),
('Venezuela'),
('Vereinigte Arabische Emirate'),
('Vereinigtes Königreich'),
('Vereinigte Staaten (USA)'),
('Vietnam'),
('Virgin Gorda - Jungferninseln, Britische'),
('Virgin Is., British - Jungferninseln, Britische'),
('Virgin Is., U.S. - Jungferninseln, Amerikanische'),
('Wake Insel (US)'),
('Wallis und Futuna (FR)'),
('Weihnachtsinsel (AU) - Christmas Island (Weihnachtsinsel) (AU)'),
('Weissrussland (Belarus)'),
('Western Samoa - Samoa (West-, US-)'),
('Westsahara'),
('Zaire - Kongo, Demokratische Republik (Kinshasa)'),
('Zambia - Sambia'),
('Zanzibar - Tansania, Vereinigte Republik'),
('Zentralafrikanische Republik'),
('Zypern');

SET IDENTITY_INSERT ta_products ON;
INSERT INTO ta_products (id, name, price, useForTravelAdvice) VALUES
(1,'Konsultation erste 5min',14.56,0),
(2,'Konsultation letzte 5min',7.28,0),
(3,'Konsultation weitere 5min',14.56,0),
(4,'Injektion durch nicht-ärztl. Personal',6.71,0),
(5,'Td-pur® i.m.',9.85,0),
(6,'Boostrix® i.m.',36.25,0),
(7,'Poliorix® i.m.',19.45,0),
(8,'Revaxis® i.m.',27.80,0),
(9,'Boostrix® Polio i.m.',47.40,0),
(10,'Priorix® s.c.',45.90,0),
(11,'Havrix® 1440 i.m.',60.10,0),
(12,'Havrix® 720 Junior i.m.',47.25,0),
(13,'Engerix® 20 i.m.',45.15,0),
(14,'Twinrix® i.m.',76.45,0),
(15,'Stamaril® s.c.',40.45,0),
(16,'Vivotif® p.o.',33.80,0),
(17,'Mérieux® i.m.',69.60,0),
(18,'Menveo® i.m.',66.10,0),
(19,'Encepur® i.m.',47.35,1),
(20,'FSME-Immun® Junior i.m.',47.35,0),
(21,'Fluarix® i.m.',17.95,0),
(22,'Ixiaro® i.m.',128.40,0),
(23,'Malarone® à 12 Tbl.',62.25,1),
(24,'Mephaquin® à 8 Tbl.',33.65,1),
(25,'Nivaquine® à 20 Tbl.',6.80,1),
(26,'Riamet® à 24 Tbl.',62.40,1),
(27,'Anti Brumm Forte® Pumpspray 150ml',13.90,1),
(28,'NoBite® Pumpspray 100ml',18.55,1),
(29,'Immodium lingual® 2mg à 20 Tbl.',15.50,1),
(30,'Dafalgan® 500mg à 16Tbl.',3.00,1),
(31,'Normolytoral® 10 Btl.',8.70,1),
(32,'Betadine® flüssig 60ml',6.25,1),
(33,'Ciproxin® 500mg à 10 Tbl.',43.20,1);
SET IDENTITY_INSERT ta_products OFF;

SET IDENTITY_INSERT ta_customer_categories ON;
INSERT INTO ta_customer_categories(id, name, description) VALUES
(1,'Intern','Mitarbeiter der Infektiologie'),
(2,'KiSpi','Mitarbeiter des Kinderspitals');
SET IDENTITY_INSERT ta_customer_categories OFF;

SET IDENTITY_INSERT ta_trip_types ON
INSERT INTO ta_trip_types(id, name, description) VALUES
(1, 'Backpacking', 'Rucksacktourismus. Oft mehrere Reiseziele, meistens abseits der Unterkünfte von Pauschaltouristen und möglichst preiswert, dafür engerer Kontakt zu Einheimischen.'),
(2, 'Trekking', 'Zurücklegen längerer Strecken mit Gepäck, teilweise unter Verzicht auf Infrastruktur. Nahe an der Natur und meistens abseits der Zivilisation.'),
(3, 'Safari', 'Reise zur Tierbeobachtung und -jagd.'),
(4, 'Badeferien', 'Meistens Pauschalreise und Touristenresort.'),
(5, 'Geschäftsreise', 'Oft nur in Hotels, Kongresssälen, Unternehmen, vereinzelt Stadtbesichtigungen.'),
(6, 'Städtereise', 'Reise, bei der die Erkundung einer Stadt und ihrer Kultur, Baukunst, Unterhaltung, ihrer Veranstaltungen, Gastronomie und Einkaufsmöglichkeiten im Vordergrund steht.'),
(7, 'Kreuzfahrt', 'Urlaubsreise auf einem Kreuzfahrtschiff, bei der entlang einer bestimmten Route verschiedene touristische Ziele angelaufen werden.'),
(8, 'Hilfsprojekt', 'Soziale Projekte, Freiwilligenarbeit, Entwicklungshilfe. Enger Kontakt zu Einheimischen. Beispiele: Unterstützung in Krankenhäusern und Arztpraxen, Bau von Infrastruktur, Entwicklungshilfe in Schulen und Waisenhäusern.'),
(9, 'Besuch', 'Familie/Freunde/Bekannte besuchen.'),
(10, 'Studium / Sprachaufenthalt', ''),
(11, 'Andere', '');
SET IDENTITY_INSERT ta_trip_types OFF

SET IDENTITY_INSERT ta_diseases ON;
INSERT INTO ta_diseases(id, name) VALUES
(1,'dT'),
(2,'dT Pa'),
(4,'Polio'),
(5,'dTPolio'),
(6,'dTPolio Pa'),
(7,'MMR'),
(8,'Hepatitis A'),
(9,'Hepatitis A 2'),
(10,'Hepatitis B'),
(12,'Gelbfieber'),
(13,'Typhus'),
(14,'Tollwut'),
(15,'Menigokokken ACWY'),
(16,'FSME'),
(17,'FSME 2'),
(18,'Influenza'),
(19,'Jap. Encephalitis');
SET IDENTITY_INSERT ta_diseases OFF;

SET IDENTITY_INSERT ta_users ON
INSERT INTO ta_users(id, email, password, activkey, role, created_at, lastvisit_at) VALUES
-- username: admin@kssg.ch, password: admin
(1,'admin@kssg.ch','$2gCXDSrN2DHo','','admin','1900-01-01 00:00:00','1900-01-01 00:00:00'),
-- username: super@kssg.ch, password: super
(2,'super@kssg.ch','$2yqgjWwrutOE','','superUser','1900-01-01 00:00:00','1900-01-01 00:00:00'),
-- username: staff@kssg.ch, password: staff
(3,'staff@kssg.ch','$2KzfCojuzHK.','','staff','1900-01-01 00:00:00','1900-01-01 00:00:00'),
-- username: client@private.ch, password: client
(4,'client@private.ch','$2iRpyjqp0RQo','','customer','1900-01-01 00:00:00','1900-01-01 00:00:00');
SET IDENTITY_INSERT ta_users OFF

SET IDENTITY_INSERT ta_customers ON
INSERT INTO ta_customers(id, user_id, lastname, firstname, birthdate, address, postcode, city, mobile, phone, category) VALUES
(1,4,'Muster','Patient','1952-12-17','Street',8000,'Zürich','077 123 45 67','01 234 56 78',NULL),
(2,1,'Admin','Admin','1900-01-01','Admin',9000,'St. Gallen','','',1),
(3,2,'Super','Super','1900-01-01','Super',8000,'Zürich','','',1),
(4,3,'Staff','Staff','1900-01-01','Staff',9000,'St. Gallen','','',1);
SET IDENTITY_INSERT ta_customers OFF

SET IDENTITY_INSERT ta_trips ON
INSERT INTO ta_trips(id, customer_id, start, [end]) VALUES
(1,1,'2013-01-01','2013-12-31');
SET IDENTITY_INSERT ta_trips OFF

INSERT INTO ta_trips_countries VALUES
(1,1),
(1,2);

INSERT INTO ta_trips_trip_types VALUES
(1,1);

SET IDENTITY_INSERT ta_companions ON
INSERT INTO ta_companions(id, owner_customer_id, lastname, firstname, birthdate,address,postcode,city,mobile, phone, self_customer_id) VALUES
(3,1,'Hinz','Freddy','1993-12-08','Schnapselstrasse 80', 8400, 'Winterthur', '077 777 77 77', '055 223 22 22', NULL),
(4,1,'Kunz','Harry','1999-12-10','Schnapselstrasse 80', 8400, 'Winterthur', '077 777 77 77', '055 223 22 22', NULL);
SET IDENTITY_INSERT ta_companions OFF

INSERT INTO ta_trips_companions VALUES
(1,3),
(1,4);

SET IDENTITY_INSERT ta_appointments ON
INSERT INTO ta_appointments(id, customer_id, date, provisory_date, duration, trip_id, reason, started, ended, staff_type, is_initial_appointment) VALUES
(1,1,'2014-01-01 12:00:00',NULL,30,1,'Impfberatung',NULL,NULL,NULL, 1);
SET IDENTITY_INSERT ta_appointments OFF

SET IDENTITY_INSERT ta_case_numbers ON
INSERT INTO ta_case_numbers(id, year, month, number) VALUES
(1,2013,1,13);
SET IDENTITY_INSERT ta_case_numbers OFF

SET IDENTITY_INSERT ta_bills ON
INSERT INTO ta_bills(id, customer_id, date, paid) VALUES
(1,1,'2013-01-01 12:00:00','BAR'),
(2,1,'2013-02-02 13:00:00','BAR'),
(3,1,'2013-03-03 14:00:00','BAR'),
(4,1,'2013-04-04 15:00:00','BAR'),
(5,1,'2013-05-05 16:00:00','BAR');
SET IDENTITY_INSERT ta_bills OFF

SET IDENTITY_INSERT ta_bill_items ON
INSERT INTO ta_bill_items(id, bill_id, product_id, product_name, price, count) VALUES
(1,1,15,'Stamaril® s.c.',12.34,1),
(2,1,NULL,'Medikament',23.45,1),
(3,2,15,'Stamaril® s.c.',12.34,1),
(4,3,NULL,'Medikament',23.45,1),
(5,4,15,'Stamaril® s.c.',12.34,1),
(6,5,NULL,'Medikament',23.45,1);
SET IDENTITY_INSERT ta_bill_items OFF

SET IDENTITY_INSERT ta_surveys ON
INSERT INTO ta_surveys(id, customer_id, created_at) VALUES
(1,1,'2012-12-17 04:58:34');
SET IDENTITY_INSERT ta_surveys OFF

SET IDENTITY_INSERT ta_questions ON
INSERT INTO ta_questions(id, question, type, [order], active, [values]) VALUES
(1,'Would you come back to KSSG Travel Advise?','varchar',0,1,NULL),
(2,'On a scale from 1 to 10, how happy were you about our service?','int',1,1,'1, 2, 3, 4, 5, 6, 7, 8, 9, 10');
SET IDENTITY_INSERT ta_questions OFF

SET IDENTITY_INSERT ta_answers ON
INSERT INTO ta_answers(id, survey_id, question_id, answer) VALUES
(1,1,1,'true'),
(2,1,2,'7');
SET IDENTITY_INSERT ta_answers OFF

INSERT INTO ta_settings(name, value) VALUES
('productFirst5Minutes',1),
('productLast5Minutes',2),
('productFurther5Minutes',3),
('productAssistantInjection',4);

SET IDENTITY_INSERT ta_weekday_timeframes ON
INSERT INTO ta_weekday_timeframes(id, weekday, [start], [end]) VALUES
(1,2,'13:00:00','17:00:00'),
(2,4,'15:00:00','18:00:00');
SET IDENTITY_INSERT ta_weekday_timeframes OFF

SET IDENTITY_INSERT ta_product_vaccination_effect ON
INSERT INTO ta_product_vaccination_effect(id, product_id, disease_id, effect) VALUES
(1, 5, 1, 1),
(2, 5, 2, 1),
(3, 6, 1, 1),
(4, 6, 2, 1),
(5, 7, 4, 1),
(6, 8, 5, 1),
(7, 8, 6, 1),
(8, 9, 5, 1),
(9, 9, 6, 1),
(10, 10, 7, 1),
(11, 11, 8, 1),
(12, 12, 8, 0.5),
(13, 13, 10, 1),
(14, 14, 8, 0.5),
(15, 14, 10, 1),
(16, 15, 12, 1),
(17, 16, 13, 1),
(18, 17, 14, 1),
(19, 18, 15, 1),
(20, 19, 16, 1),
(21, 22, 19, 1);
SET IDENTITY_INSERT ta_product_vaccination_effect OFF


